,,,,,,
,,,,,,
,,,,,,
,,,,,,
,,,,,,
,(GROUPE) ASTEK,Siège,BOULOGNE BILLANCOURT,92,6420Z - Activités des sociétés holding,20 à 49
,123 VENTURE,Siège,PARIS 09,75,6430Z - Fonds de placement et entités financières similaires,50 à 99
,3AB OPTIQUE DEVELOPPEMENT,Siège,PARIS 08,75,6420Z - Activités des sociétés holding,10 à 19
,5 INVEST'H,Siège,ASNIERES SUR SEINE,92,6420Z - Activités des sociétés holding,10 à 19
,A.V.S.P. - A VOTRE SERVICE PROPRETE,Siège,VILLENEUVE ST GEORGES,94,6430Z - Fonds de placement et entités financières similaires,10 à 19
,ABERDEEN FRANCE,Siège,PARIS 08,75,6420Z - Activités des sociétés holding,10 à 19
,ABN AMRO COMMERCIAL FINANCE,Siège,LEVALLOIS PERRET,92,"6499Z - Autres activités des services financiers, hors assurance et caisses de retraite, n.c.a.",50 à 99
,ABSA HOLDING,Siège,EPINAY SUR SEINE,93,6420Z - Activités des sociétés holding,20 à 49
,ADC GROUPE,Siège,ST OUEN,93,6430Z - Fonds de placement et entités financières similaires,10 à 19
,ADECCO FRANCE,Etabt second.,MONTROUGE,92,6420Z - Activités des sociétés holding,20 à 49
,ADELYA,Siège,BEZONS,95,6420Z - Activités des sociétés holding,10 à 19
,ADVANCED RETAIL,Siège,PARIS 08,75,6420Z - Activités des sociétés holding,10 à 19
,AEGIDE SA,Siège,PARIS 16,75,6420Z - Activités des sociétés holding,20 à 49
,AEGIR,Siège,LE BOURGET,93,6420Z - Activités des sociétés holding,10 à 19
,AEW EUROPE,Siège,PARIS 12,75,6420Z - Activités des sociétés holding,200 à 249
,AGATE,Siège,BOULOGNE BILLANCOURT,92,6420Z - Activités des sociétés holding,20 à 49
,AGENCE FRANCAISE DE DEVELOPPEMENT,Siège,PARIS 12,75,6492Z - Autre distribution de crédit,1000 à 1999
,AGIR SARL,Siège,PARIS 05,75,6420Z - Activités des sociétés holding,10 à 19
,AGRATI SHARED SERVICES CENTER,Siège,CRETEIL,94,6420Z - Activités des sociétés holding,20 à 49
,AGRICA GESTION,Siège,PARIS 08,75,6420Z - Activités des sociétés holding,500 à 999
,AKCB,Siège,ST DENIS,93,6420Z - Activités des sociétés holding,10 à 19
,AKIEM,Siège,CLICHY,92,6420Z - Activités des sociétés holding,20 à 49
,AKKA SERVICES,Etabt second.,GUYANCOURT,78,6420Z - Activités des sociétés holding,10 à 19
,AKKA TECHNOLOGIES,Siège,PARIS 08,75,6420Z - Activités des sociétés holding,10 à 19
,AL MANAR CEMENT HOLDING,Siège,PUTEAUX,92,6420Z - Activités des sociétés holding,10 à 19
,ALAN ALLMAN ASSOCIATES,Siège,COURBEVOIE,92,6420Z - Activités des sociétés holding,10 à 19
,ALCEN,Siège,PARIS 08,75,6420Z - Activités des sociétés holding,10 à 19
,ALDEA INVESTISSEMENT,Siège,GUYANCOURT,78,6420Z - Activités des sociétés holding,10 à 19
,ALES GROUPE,Siège,BEZONS,95,6420Z - Activités des sociétés holding,100 à 199
,ALHENA PARTICIPATIONS,Siège,PARIS 10,75,6420Z - Activités des sociétés holding,10 à 19
,ALHENA PARTICIPATIONS,Etabt second.,PARIS 17,75,6420Z - Activités des sociétés holding,10 à 19
,ALLIANCE AUTOMOTIVE GROUP,Etabt second.,LEVALLOIS PERRET,92,6420Z - Activités des sociétés holding,20 à 49
,ALLIANCE ENTREPRENDRE,Siège,PARIS 07,75,6430Z - Fonds de placement et entités financières similaires,10 à 19
,ALLIANCE HEALTHCARE GROUP FRANCE,Siège,GENNEVILLIERS,92,6420Z - Activités des sociétés holding,10 à 19
,ALMA FRC,Siège,PARIS 17,75,6420Z - Activités des sociétés holding,10 à 19
,ALPAR,Siège,PARIS 01,75,6420Z - Activités des sociétés holding,10 à 19
,ALPHA ASSOCIES CONSEIL,Siège,PARIS 08,75,6430Z - Fonds de placement et entités financières similaires,10 à 19
,ALTER WAY,Siège,ST CLOUD,92,6420Z - Activités des sociétés holding,10 à 19
,ALUMINIUM PECHINEY,Etabt second.,PARIS 16,75,6420Z - Activités des sociétés holding,20 à 49
,AMIRAL HOLDING SAS,Siège,PARIS 17,75,6420Z - Activités des sociétés holding,10 à 19
,AMUNDI,Siège,PARIS 15,75,6430Z - Fonds de placement et entités financières similaires,10 à 19
,ANDROMEDE,Siège,PARIS 08,75,6420Z - Activités des sociétés holding,10 à 19
,ANSAMBLE,Etabt second.,MONTROUGE,92,6430Z - Fonds de placement et entités financières similaires,10 à 19
,ANTIN INFRASTRUCTURE PARTNERS,Siège,PARIS 01,75,6430Z - Fonds de placement et entités financières similaires,20 à 49
,APAVE,Siège,PARIS 15,75,6420Z - Activités des sociétés holding,50 à 99
,APIA C.S.,Siège,PARIS 11,75,6420Z - Activités des sociétés holding,20 à 49
,AQUALABO CONTROLE,Siège,CHAMPIGNY SUR MARNE,94,"6499Z - Autres activités des services financiers, hors assurance et caisses de retraite, n.c.a.",20 à 49
,ARDIAN HOLDING,Siège,PARIS 01,75,6420Z - Activités des sociétés holding,10 à 19
,AREVA,Siège,COURBEVOIE,92,6420Z - Activités des sociétés holding,100 à 199
,AREVA BUSINESS SUPPORT,Siège,COURBEVOIE,92,6420Z - Activités des sociétés holding,1000 à 1999
,ARJOWIGGINS,Siège,BOULOGNE BILLANCOURT,92,6420Z - Activités des sociétés holding,10 à 19
,ARROS DEVELOPPEMENT,Siège,ANTONY,92,6420Z - Activités des sociétés holding,10 à 19
,ARTELIA,Etabt second.,ST DENIS,93,6420Z - Activités des sociétés holding,50 à 99
,ARTELIA,Etabt second.,CHOISY LE ROI,94,6420Z - Activités des sociétés holding,10 à 19
,ASAH LM,Siège,PARIS 08,75,6420Z - Activités des sociétés holding,10 à 19
,ASF HOLDING,Siège,RUEIL MALMAISON,92,6420Z - Activités des sociétés holding,10 à 19
,ASTEELFLASH FRANCE,Siège,NEUILLY PLAISANCE,93,6420Z - Activités des sociétés holding,20 à 49
,ATALIAN CLEANING,Siège,PARIS 19,75,6420Z - Activités des sociétés holding,20 à 49
,AU PRESTIGE DE NOGENT,Siège,FONTENAY SOUS BOIS,94,6420Z - Activités des sociétés holding,10 à 19
,AUTODIS GROUP,Siège,ARCUEIL,94,6430Z - Fonds de placement et entités financières similaires,20 à 49
,AUXIFIP,Siège,MONTROUGE,92,6491Z - Crédit-bail,10 à 19
,AUXILIAIRE D'ENTREPRISES,Siège,CHEVILLY LARUE,94,6420Z - Activités des sociétés holding,10 à 19
,AVENTURE SCIENTIFIQUE,Siège,BAGNEUX,92,6420Z - Activités des sociétés holding,10 à 19
,AVRIL,Etabt second.,COURBEVOIE,92,6420Z - Activités des sociétés holding,10 à 19
,AXA INVESTMENT MANAGERS,Siège,COURBEVOIE,92,6420Z - Activités des sociétés holding,100 à 199
,AXA REAL ESTATE INVESTMENT MANAGERS,Siège,PUTEAUX,92,6420Z - Activités des sociétés holding,20 à 49
,AXELTIS,Siège,PARIS 12,75,6430Z - Fonds de placement et entités financières similaires,20 à 49
,AXIOM & CIE,Etabt second.,BOULOGNE BILLANCOURT,92,6430Z - Fonds de placement et entités financières similaires,20 à 49
,BABYLISS HOLDING SAS,Siège,MONTROUGE,92,6420Z - Activités des sociétés holding,10 à 19
,BARCLAYS PATRIMOINE,Etabt second.,PARIS 08,75,6430Z - Fonds de placement et entités financières similaires,20 à 49
,BARCLAYS PATRIMOINE,Etabt second.,PARIS 08,75,6430Z - Fonds de placement et entités financières similaires,20 à 49
,BATISANTE FINANCES,Siège,NEUILLY PLAISANCE,93,6420Z - Activités des sociétés holding,20 à 49
,BBR ROGIER,Siège,PARIS 08,75,6430Z - Fonds de placement et entités financières similaires,10 à 19
,BDL CAPITAL MANAGEMENT,Siège,PARIS 08,75,6430Z - Fonds de placement et entités financières similaires,20 à 49
,BELAMBRA HOLDING,Siège,BOURG LA REINE,92,6420Z - Activités des sociétés holding,50 à 99
,BELHARA INVESTISSEMENT,Siège,GUYANCOURT,78,6420Z - Activités des sociétés holding,10 à 19
,BERARD GROUPE,Siège,PARIS 08,75,6420Z - Activités des sociétés holding,10 à 19
,BERTRAND HOLDING,Siège,PARIS 17,75,6420Z - Activités des sociétés holding,10 à 19
,BFORBANK,Siège,COURBEVOIE,92,6420Z - Activités des sociétés holding,100 à 199
,BGA INVESTISSEMENTS,Siège,LEVALLOIS PERRET,92,6420Z - Activités des sociétés holding,20 à 49
,BGME FINANCES,Siège,PARIS 09,75,6420Z - Activités des sociétés holding,20 à 49
,BIO-RAD FRANCE HOLDING,Siège,MARNES LA COQUETTE,92,6420Z - Activités des sociétés holding,500 à 999
,BLACK CODE,Siège,PARIS 02,75,6420Z - Activités des sociétés holding,10 à 19
,BMW FINANCE,Siège,GUYANCOURT,78,6492Z - Autre distribution de crédit,100 à 199
,BNP PARIBAS ARBITRAGE,Etabt second.,PARIS 19,75,6430Z - Fonds de placement et entités financières similaires,1000 à 1999
,BNP PARIBAS DEALING SERVICES,Etabt second.,PARIS 09,75,"6499Z - Autres activités des services financiers, hors assurance et caisses de retraite, n.c.a.",50 à 99
,BNP PARIBAS FACTOR,Etabt second.,PUTEAUX,92,"6499Z - Autres activités des services financiers, hors assurance et caisses de retraite, n.c.a.",50 à 99
,BNP PARIBAS FACTOR,Etabt second.,PUTEAUX,92,"6499Z - Autres activités des services financiers, hors assurance et caisses de retraite, n.c.a.",100 à 199
,BNP PARIBAS FACTOR,Siège,PUTEAUX,92,"6499Z - Autres activités des services financiers, hors assurance et caisses de retraite, n.c.a.",50 à 99
,BNP PARIBAS FUND SERVICES FRANCE,Etabt second.,PANTIN,93,"6499Z - Autres activités des services financiers, hors assurance et caisses de retraite, n.c.a.",100 à 199
,BNP PARIBAS INVESTMENT PARTNERS,Siège,PARIS 09,75,6430Z - Fonds de placement et entités financières similaires,10 à 19
,BOA-FRANCE,Siège,PARIS 08,75,6492Z - Autre distribution de crédit,10 à 19
,BODIN FRERES,Siège,PARIS 14,75,6420Z - Activités des sociétés holding,10 à 19
,BOLLORE AFRICA LOGISTICS,Etabt second.,SURESNES,92,6420Z - Activités des sociétés holding,50 à 99
,BONNA SABLA,Etabt second.,PUTEAUX,92,6420Z - Activités des sociétés holding,20 à 49
,BOUCHERON HOLDING,Etabt second.,PARIS 02,75,6420Z - Activités des sociétés holding,20 à 49
,BOUIGUE DEVELOPPEMENT,Siège,PARIS 09,75,6420Z - Activités des sociétés holding,10 à 19
,BPCE INTERNATIONAL ET OUTRE-MER,Siège,PARIS 13,75,6420Z - Activités des sociétés holding,100 à 199
,BPCE SERVICES,Siège,PARIS 13,75,6420Z - Activités des sociétés holding,10 à 19
,BPIFRANCE FINANCEMENT,Etabt second.,PARIS 09,75,6492Z - Autre distribution de crédit,100 à 199
,BPIFRANCE FINANCEMENT,Etabt second.,PUTEAUX,92,6492Z - Autre distribution de crédit,20 à 49
,BPIFRANCE FINANCEMENT,Siège,MAISONS ALFORT,94,6492Z - Autre distribution de crédit,500 à 999
,BPIFRANCE FINANCEMENT,Etabt second.,NOISY LE GRAND,93,6492Z - Autre distribution de crédit,50 à 99
,BPIFRANCE INVESTISSEMENT,Siège,PARIS 09,75,6420Z - Activités des sociétés holding,100 à 199
,BRYAN GARNIER AND CO LIMITED,Siège,PARIS 08,75,6430Z - Fonds de placement et entités financières similaires,50 à 99
,C.P.C. PACKAGING,Etabt second.,MONTREUIL,93,6420Z - Activités des sociétés holding,10 à 19
,C2C,Siège,PARIS 09,75,6492Z - Autre distribution de crédit,100 à 199
,CA PAIEMENT,Etabt second.,GUYANCOURT,78,6420Z - Activités des sociétés holding,50 à 99
,CABOSSE & ASSOCIES,Siège,ISSY LES MOULINEAUX,92,6420Z - Activités des sociétés holding,20 à 49
,CACEIS,Siège,PARIS 13,75,6430Z - Fonds de placement et entités financières similaires,50 à 99
,CAFE GEORGE V,Siège,PARIS 08,75,6420Z - Activités des sociétés holding,50 à 99
,CAMERON FRANCE INVESTISSEMENT,Siège,BOULOGNE BILLANCOURT,92,6420Z - Activités des sociétés holding,20 à 49
,CAP'INVEST,Siège,ST CLOUD,92,6420Z - Activités des sociétés holding,10 à 19
,CAPA DEVELOPPEMENT,Siège,PARIS 15,75,6420Z - Activités des sociétés holding,10 à 19
,CARREFOUR BANQUE,Etabt second.,ROSNY SOUS BOIS,93,6492Z - Autre distribution de crédit,10 à 19
,CARREFOUR BANQUE,Etabt second.,MONTIGNY LES CORMEILLES,95,6492Z - Autre distribution de crédit,10 à 19
,CARREFOUR BANQUE,Etabt second.,SEVRAN,93,6492Z - Autre distribution de crédit,10 à 19
,CARREFOUR BANQUE,Etabt second.,ST BRICE SOUS FORET,95,6492Z - Autre distribution de crédit,10 à 19
,CARREFOUR BANQUE,Etabt second.,AULNAY SOUS BOIS,93,6492Z - Autre distribution de crédit,10 à 19
,CARREFOUR BANQUE,Etabt second.,CRETEIL,94,6492Z - Autre distribution de crédit,10 à 19
,CATALYST CAPITAL FRANCE,Siège,PARIS 08,75,6420Z - Activités des sociétés holding,10 à 19
,CATE,Siège,LE KREMLIN BICETRE,94,6420Z - Activités des sociétés holding,10 à 19
,CATERPILLAR FINANCE FRANCE,Siège,ST DENIS,93,6491Z - Crédit-bail,20 à 49
,CAUTIALIS,Siège,PARIS 08,75,6492Z - Autre distribution de crédit,10 à 19
,CCNS,Etabt second.,CHEVILLY LARUE,94,6420Z - Activités des sociétés holding,10 à 19
,CDC INFRASTRUCTURE,Siège,PARIS 08,75,6420Z - Activités des sociétés holding,10 à 19
,CDC INNOVATION,Siège,PARIS 08,75,6430Z - Fonds de placement et entités financières similaires,10 à 19
,CEREA GESTION,Siège,PARIS 16,75,6420Z - Activités des sociétés holding,10 à 19
,CHAFFOTEAUX,Siège,ST DENIS,93,6430Z - Fonds de placement et entités financières similaires,100 à 199
,CHEZ 96,Siège,PARIS 11,75,6420Z - Activités des sociétés holding,10 à 19
,CHEZ RASPOUTINE,Siège,PARIS 08,75,6420Z - Activités des sociétés holding,10 à 19
,CHIMIREC DEVELOPPEMENT,Siège,DUGNY,93,6420Z - Activités des sociétés holding,10 à 19
,CIBLE FINANCIERE,Etabt second.,PARIS 08,75,6420Z - Activités des sociétés holding,10 à 19
,CIE FINANCIERE DU 37 AV DE FRIEDLAND,Siège,PARIS 01,75,6430Z - Fonds de placement et entités financières similaires,10 à 19
,CIE GENERALE DE LOCATION D'EQUIPEMENTS,Etabt second.,TREMBLAY EN FRANCE,93,6491Z - Crédit-bail,20 à 49
,CIE POUR LE FINANCEMENT DES LOISIRS,Siège,PARIS 08,75,6492Z - Autre distribution de crédit,20 à 49
,CL SA,Siège,COURBEVOIE,92,6420Z - Activités des sociétés holding,20 à 49
,CLEAR CHANNEL FRANCE,Etabt second.,PARIS 09,75,6420Z - Activités des sociétés holding,20 à 49
,CLEAR HOLDING,Siège,PARIS 17,75,6420Z - Activités des sociétés holding,50 à 99
,CM - CIC BAIL,Siège,PARIS 02,75,6491Z - Crédit-bail,20 à 49
,CM-CIC CAPITAL PRIVE,Siège,PARIS 02,75,6430Z - Fonds de placement et entités financières similaires,10 à 19
,CM-CIC EPARGNE SALARIALE,Etabt second.,CERGY,95,6430Z - Fonds de placement et entités financières similaires,50 à 99
,CM-CIC EPARGNE SALARIALE,Siège,PARIS 02,75,6430Z - Fonds de placement et entités financières similaires,20 à 49
,CM-CIC FACTOR,Siège,PUTEAUX,92,6492Z - Autre distribution de crédit,200 à 249
,CMCIC LEASE,Siège,PARIS 02,75,6491Z - Crédit-bail,10 à 19
,CMV MEDIFORCE,Etabt second.,SEVRES,92,6491Z - Crédit-bail,50 à 99
,CMV MEDIFORCE,Etabt second.,LEVALLOIS PERRET,92,6491Z - Crédit-bail,50 à 99
,COFACREDIT,Siège,PUTEAUX,92,6492Z - Autre distribution de crédit,50 à 99
,COFICA BAIL,Etabt second.,SEVRES,92,6491Z - Crédit-bail,10 à 19
,COFILEAD,Siège,PARIS 17,75,6420Z - Activités des sociétés holding,20 à 49
,COGEFI GESTION,Siège,PARIS 09,75,6430Z - Fonds de placement et entités financières similaires,10 à 19
,COMMUNICATION ET DEVELOPPEMENT SOCIAL,Siège,PARIS 08,75,6420Z - Activités des sociétés holding,10 à 19
,COMPAGNIE DE DISTRIBUTION EUROPEENNE,Siège,PARIS 15,75,6420Z - Activités des sociétés holding,10 à 19
,COMPAGNIE POUR LA COMMUNICATION SA,Etabt second.,MONTREUIL,93,6420Z - Activités des sociétés holding,10 à 19
,CONCERTO FINANCE,Siège,PARIS 08,75,6420Z - Activités des sociétés holding,10 à 19
,CONCORDE,Siège,PARIS 12,75,6420Z - Activités des sociétés holding,10 à 19
,CONCORDE MANAGEMENT COMPANY,Etabt second.,PUTEAUX,92,6420Z - Activités des sociétés holding,10 à 19
,CONSORTIUM FRANCAIS DE L'HABITATION,Siège,BOULOGNE BILLANCOURT,92,6420Z - Activités des sociétés holding,200 à 249
,CONSTELLIUM FRANCE HOLDCO,Siège,PARIS 08,75,6420Z - Activités des sociétés holding,10 à 19
,CONSTRUCTA,Siège,PARIS 08,75,6420Z - Activités des sociétés holding,10 à 19
,COPAG,Siège,PARIS 08,75,6420Z - Activités des sociétés holding,10 à 19
,CORIANCE MANAGEMENT,Siège,NOISY LE GRAND,93,6420Z - Activités des sociétés holding,10 à 19
,COUSIN LEVAGE,Etabt second.,LA COURNEUVE,93,6420Z - Activités des sociétés holding,10 à 19
,COVENTYA HOLDING,Siège,VILLENEUVE LA GARENNE,92,6420Z - Activités des sociétés holding,10 à 19
,CREDIT AGRICOLE ASSURANCES,Etabt second.,PARIS 15,75,6420Z - Activités des sociétés holding,500 à 999
,CREDIT AGRICOLE IMMOBILIER ENTREPRISE,Siège,MONTROUGE,92,6420Z - Activités des sociétés holding,10 à 19
,CREDIT AGRICOLE LEASING & FACTORING,Etabt second.,PARIS 12,75,6492Z - Autre distribution de crédit,50 à 99
,CREDIT AGRICOLE PRIVATE BANKING,Siège,PARIS 08,75,6420Z - Activités des sociétés holding,50 à 99
,CREDIT ET SERVICES FINANCIERS,Siège,PARIS 09,75,6492Z - Autre distribution de crédit,50 à 99
,CREDIT FONCIER DE FRANCE,Etabt second.,CERGY,95,6492Z - Autre distribution de crédit,20 à 49
,CREDIT IMMOBILIER DE FRANCE IDF,Siège,PARIS 09,75,6492Z - Autre distribution de crédit,100 à 199
,CREDIT IMMOBILIER FRANCE DEVELOPPEMENT,Siège,PARIS 08,75,6420Z - Activités des sociétés holding,10 à 19
,CREDIT LOGEMENT,Siège,PARIS 03,75,6492Z - Autre distribution de crédit,250 à 499
,CREDIT SUISSE SECURITIES EUROPE LTD,Etabt second.,PARIS 08,75,6430Z - Fonds de placement et entités financières similaires,100 à 199
,CRH FRANCE DISTRIBUTION,Siège,BOULOGNE BILLANCOURT,92,6420Z - Activités des sociétés holding,10 à 19
,CT FINANCES,Etabt second.,LEVALLOIS PERRET,92,6420Z - Activités des sociétés holding,20 à 49
,CT FINANCES,Siège,PARIS 17,75,6420Z - Activités des sociétés holding,20 à 49
,D.P.L.E.,Siège,NEUILLY SUR SEINE,92,6420Z - Activités des sociétés holding,50 à 99
,D.W.L FRANCE,Siège,PARIS 08,75,6430Z - Fonds de placement et entités financières similaires,10 à 19
,DAT-SCHAUB FRANCE,Siège,THIAIS,94,6420Z - Activités des sociétés holding,100 à 199
,DATALOG FINANCE,Siège,PARIS 13,75,6420Z - Activités des sociétés holding,20 à 49
,DC EXPANSION,Siège,PARIS 16,75,6420Z - Activités des sociétés holding,10 à 19
,DDB LINK,Siège,PARIS 17,75,6420Z - Activités des sociétés holding,20 à 49
,DE LAGE LANDEN LEASING,Etabt second.,COURBEVOIE,92,6491Z - Crédit-bail,20 à 49
,DELPHARM HOLDING,Siège,BOULOGNE BILLANCOURT,92,6420Z - Activités des sociétés holding,10 à 19
,DEM1,Siège,CLICHY,92,6420Z - Activités des sociétés holding,20 à 49
,DENIS PINAULT RESTAURATION,Siège,PARIS 17,75,6420Z - Activités des sociétés holding,10 à 19
,DESSANGE INTERNATIONAL,Etabt second.,PARIS 08,75,6420Z - Activités des sociétés holding,20 à 49
,DEUTSCH,Siège,PONTOISE,95,6430Z - Fonds de placement et entités financières similaires,10 à 19
,DEUTSCHE LEASING FRANCE SAS,Siège,RUEIL MALMAISON,92,6491Z - Crédit-bail,10 à 19
,DEXIA CREDIT LOCAL,Siège,COURBEVOIE,92,6492Z - Autre distribution de crédit,500 à 999
,DFM CAPITAL,Siège,CRETEIL,94,6420Z - Activités des sociétés holding,10 à 19
,DHI COMPANY,Siège,PARIS 17,75,6420Z - Activités des sociétés holding,10 à 19
,DIAC,Etabt second.,LE PLESSIS ROBINSON,92,6492Z - Autre distribution de crédit,10 à 19
,DIAC,Etabt second.,BOULOGNE BILLANCOURT,92,6492Z - Autre distribution de crédit,10 à 19
,DIAC,Etabt second.,ST CLOUD,92,6492Z - Autre distribution de crédit,100 à 199
,DIAC,Etabt second.,LE PLESSIS ROBINSON,92,6492Z - Autre distribution de crédit,20 à 49
,DIAC,Siège,NOISY LE GRAND,93,6492Z - Autre distribution de crédit,500 à 999
,DIAGEO FRANCE,Siège,PARIS 02,75,6420Z - Activités des sociétés holding,10 à 19
,DISCOVER THE WORLD FRANCE,Siège,PARIS 09,75,6420Z - Activités des sociétés holding,10 à 19
,DL SOFTWARE,Siège,PARIS 08,75,6430Z - Fonds de placement et entités financières similaires,10 à 19
,DMA GESTION,Siège,CROISSY SUR SEINE,78,6420Z - Activités des sociétés holding,10 à 19
,DOCAPOST,Siège,CHARENTON LE PONT,94,6420Z - Activités des sociétés holding,20 à 49
,DOMIA GROUP,Siège,PARIS 08,75,6420Z - Activités des sociétés holding,20 à 49
,DOMITYS NORD-OUEST,Siège,PARIS 16,75,6420Z - Activités des sociétés holding,10 à 19
,DOMOFINANCE,Etabt second.,LEVALLOIS PERRET,92,6492Z - Autre distribution de crédit,20 à 49
,DOMOFINANCE,Etabt second.,LEVALLOIS PERRET,92,6492Z - Autre distribution de crédit,10 à 19
,DOMOSYS FINANCE,Siège,LOUVECIENNES,78,6420Z - Activités des sociétés holding,10 à 19
,DORMA GROUPE FRANCE,Siège,CRETEIL,94,6420Z - Activités des sociétés holding,20 à 49
,DRAGON ROUGE,Siège,SURESNES,92,6420Z - Activités des sociétés holding,20 à 49
,DROUOT PATRIMOINE,Siège,PARIS 09,75,6430Z - Fonds de placement et entités financières similaires,10 à 19
,DS SMITH PACKAGING CORRUGATED SERVICES,Siège,PUTEAUX,92,6420Z - Activités des sociétés holding,20 à 49
,DUMEZ CONSTRUCTION,Siège,RUEIL MALMAISON,92,6420Z - Activités des sociétés holding,250 à 499
,DYNAMIS S A,Siège,PARIS 16,75,6420Z - Activités des sociétés holding,10 à 19
,E I M,Siège,PARIS 16,75,6430Z - Fonds de placement et entités financières similaires,10 à 19
,EAU ECARLATE,Siège,BOULOGNE BILLANCOURT,92,6420Z - Activités des sociétés holding,20 à 49
,EBI SA,Siège,PUTEAUX,92,6492Z - Autre distribution de crédit,50 à 99
,ECLOR FINANCIERES,Siège,ISSY LES MOULINEAUX,92,6420Z - Activités des sociétés holding,10 à 19
,EDENRED SA,Siège,MALAKOFF,92,6420Z - Activités des sociétés holding,100 à 199
,EDMOND DE ROTHSCHILD INVESTMENT,Siège,PARIS 08,75,6430Z - Fonds de placement et entités financières similaires,20 à 49
,EDP RENEWABLES FRANCE,Siège,PARIS 12,75,6420Z - Activités des sociétés holding,10 à 19
,EDUSERVICES,Siège,PARIS 09,75,6420Z - Activités des sociétés holding,10 à 19
,EGIS,Siège,GUYANCOURT,78,6420Z - Activités des sociétés holding,100 à 199
,EGM,Siège,PARIS 18,75,6420Z - Activités des sociétés holding,10 à 19
,EIFFAGE CONSTRUCTION IDF,Siège,VELIZY VILLACOUBLAY,78,6420Z - Activités des sociétés holding,50 à 99
,EKIS,Siège,BOULOGNE BILLANCOURT,92,6420Z - Activités des sociétés holding,10 à 19
,EL RANCHO,Siège,CRETEIL,94,6420Z - Activités des sociétés holding,10 à 19
,ELIOR,Siège,PARIS 12,75,6430Z - Fonds de placement et entités financières similaires,20 à 49
,ELITECH GROUP SAS,Siège,PUTEAUX,92,"6499Z - Autres activités des services financiers, hors assurance et caisses de retraite, n.c.a.",20 à 49
,ELIXENS,Siège,PARIS 13,75,6420Z - Activités des sociétés holding,10 à 19
,ELSEVIER HOLDING FRANCE,Etabt second.,PARIS 02,75,6420Z - Activités des sociétés holding,10 à 19
,EMIL FREY FRANCE,Siège,ST OUEN L AUMONE,95,6420Z - Activités des sociétés holding,20 à 49
,EMVEST INTERNATIONAL,Siège,LEVALLOIS PERRET,92,6420Z - Activités des sociétés holding,10 à 19
,ENTHECA FINANCE,Etabt second.,PARIS 08,75,6430Z - Fonds de placement et entités financières similaires,10 à 19
,EOLE 79,Siège,PARIS 08,75,6492Z - Autre distribution de crédit,10 à 19
,ERANOVE,Siège,PARIS 01,75,6420Z - Activités des sociétés holding,10 à 19
,ERANOVE,Etabt second.,GUYANCOURT,78,6420Z - Activités des sociétés holding,10 à 19
,ERSADIS,Etabt second.,VITRY SUR SEINE,94,6420Z - Activités des sociétés holding,10 à 19
,ESL EQUITY,Siège,IVRY SUR SEINE,94,6420Z - Activités des sociétés holding,20 à 49
,EULER HERMES CREDIT FRANCE,Etabt second.,GENTILLY,94,6492Z - Autre distribution de crédit,10 à 19
,EULER HERMES CREDIT FRANCE,Siège,NANTERRE,92,6492Z - Autre distribution de crédit,100 à 199
,EULER HERMES CREDIT FRANCE,Etabt second.,RUEIL MALMAISON,92,6492Z - Autre distribution de crédit,10 à 19
,EULER HERMES CREDIT FRANCE,Etabt second.,PARIS 16,75,6492Z - Autre distribution de crédit,10 à 19
,EULER HERMES CREDIT FRANCE,Etabt second.,RUEIL MALMAISON,92,6492Z - Autre distribution de crédit,10 à 19
,EURIS,Etabt second.,PARIS 08,75,6430Z - Fonds de placement et entités financières similaires,10 à 19
,EUROPEAN FLIGHT SERVICES,Siège,TREMBLAY EN FRANCE,93,6430Z - Fonds de placement et entités financières similaires,20 à 49
,EUROPEAN HOMES,Siège,PARIS 01,75,6420Z - Activités des sociétés holding,20 à 49
,EUROPEAN PHARMACEUTICAL PROMOTION,Siège,ST CLOUD,92,6420Z - Activités des sociétés holding,10 à 19
,EUROPEENNE DE CAUTIONNEMENT SA,Siège,PARIS 08,75,6492Z - Autre distribution de crédit,20 à 49
,EUROVIA,Siège,RUEIL MALMAISON,92,6420Z - Activités des sociétés holding,10 à 19
,EVANEA,Etabt second.,LEVALLOIS PERRET,92,6430Z - Fonds de placement et entités financières similaires,10 à 19
,EXCLUSIVE GROUP,Siège,BOULOGNE BILLANCOURT,92,6420Z - Activités des sociétés holding,10 à 19
,EXELTIS FRANCE,Siège,SEVRES,92,6420Z - Activités des sociétés holding,10 à 19
,EXXELIA SUPPLY,Siège,PARIS 11,75,6420Z - Activités des sociétés holding,10 à 19
,FABRE INDUSTRIE SAS,Siège,AUBERVILLIERS,93,6430Z - Fonds de placement et entités financières similaires,20 à 49
,FACILICOM SERVICES GROUP,Siège,SUCY EN BRIE,94,6420Z - Activités des sociétés holding,20 à 49
,FAIVELEY TRANSPORT,Siège,GENNEVILLIERS,92,6420Z - Activités des sociétés holding,100 à 199
,FAURE HOLDING,Siège,NEUILLY PLAISANCE,93,6420Z - Activités des sociétés holding,10 à 19
,FAURECIA AUTOMOTIVE HOLDINGS,Siège,NANTERRE,92,6420Z - Activités des sociétés holding,20 à 49
,FB2M FINANCE,Siège,PARIS 19,75,6420Z - Activités des sociétés holding,10 à 19
,FCA CAPITAL FRANCE,Siège,TRAPPES,78,6492Z - Autre distribution de crédit,20 à 49
,FCBS GIE,Siège,PARIS 07,75,6420Z - Activités des sociétés holding,20 à 49
,FCE BANK PLC,Siège,ST GERMAIN EN LAYE,78,6491Z - Crédit-bail,100 à 199
,FDG GROUP,Siège,ORLY,94,6420Z - Activités des sociétés holding,20 à 49
,FEDERAL MOGUL FINANCIAL SERVICES,Siège,BOULOGNE BILLANCOURT,92,6420Z - Activités des sociétés holding,10 à 19
,FERRARI SOUTH WEST EUROPE,Siège,LEVALLOIS PERRET,92,6420Z - Activités des sociétés holding,10 à 19
,FFP,Siège,NEUILLY SUR SEINE,92,6420Z - Activités des sociétés holding,10 à 19
,FGI,Etabt second.,PARIS 08,75,6492Z - Autre distribution de crédit,10 à 19
,FICAR,Siège,ST DENIS,93,6420Z - Activités des sociétés holding,10 à 19
,FIDUCIAL GERANCE,Etabt second.,COURBEVOIE,92,6430Z - Fonds de placement et entités financières similaires,50 à 99
,FILORGA INITIATIVES,Siège,PARIS 08,75,6420Z - Activités des sociétés holding,10 à 19
,FIMIPAR,Siège,PUTEAUX,92,6492Z - Autre distribution de crédit,50 à 99
,FINANCIERE ASTRUC,Siège,PARIS 15,75,6420Z - Activités des sociétés holding,20 à 49
,FINANCIERE CEP,Etabt second.,PARIS 08,75,6420Z - Activités des sociétés holding,20 à 49
,FINANCIERE CLAVIER,Siège,PARIS 17,75,6420Z - Activités des sociétés holding,10 à 19
,FINANCIERE D'UZES,Siège,PARIS 02,75,6430Z - Fonds de placement et entités financières similaires,20 à 49
,FINANCIERE DE LA BARDANE,Siège,PARIS 08,75,6420Z - Activités des sociétés holding,10 à 19
,FINANCIERE DUVAL,Siège,BOULOGNE BILLANCOURT,92,6430Z - Fonds de placement et entités financières similaires,10 à 19
,FINANCIERE EVARISTE,Etabt second.,MAUREPAS,78,6420Z - Activités des sociétés holding,20 à 49
,FINANCIERE FLERTEX,Etabt second.,VILLENEUVE LA GARENNE,92,6420Z - Activités des sociétés holding,10 à 19
,FINANCIERE FRERES BLANC,Siège,PARIS 02,75,6420Z - Activités des sociétés holding,20 à 49
,FINANCIERE GERARD JOULIE,Siège,PARIS 16,75,6420Z - Activités des sociétés holding,20 à 49
,FINANCIERE GROSPIRON,Siège,LE BLANC MESNIL,93,6430Z - Fonds de placement et entités financières similaires,10 à 19
,FINANCIERE HARCOURT,Siège,PARIS 08,75,6420Z - Activités des sociétés holding,10 à 19
,FINANCIERE HAUDECOEUR,Siège,LA COURNEUVE,93,6420Z - Activités des sociétés holding,20 à 49
,FINANCIERE LEMA,Siège,GENNEVILLIERS,92,6420Z - Activités des sociétés holding,10 à 19
,FINANCIERE LIBERTEL BIS SAS,Etabt second.,PARIS 08,75,"6499Z - Autres activités des services financiers, hors assurance et caisses de retraite, n.c.a.",50 à 99
,FINANCIERE MAGENTA,Siège,PARIS 08,75,6420Z - Activités des sociétés holding,10 à 19
,FINANCIERE MARIGNAN ELYSEES SAS,Siège,PARIS 08,75,6420Z - Activités des sociétés holding,50 à 99
,FINANCIERE MEDIA,Siège,PARIS 10,75,6420Z - Activités des sociétés holding,10 à 19
,FINANCIERE MEESCHAERT FM,Siège,PARIS 08,75,6430Z - Fonds de placement et entités financières similaires,100 à 199
,FINANCIERE MOUTOT,Siège,MONTROUGE,92,6420Z - Activités des sociétés holding,10 à 19
,FINANCIERE OGIC,Siège,BOULOGNE BILLANCOURT,92,6420Z - Activités des sociétés holding,10 à 19
,FINANCIERE PERCEVAL,Siège,PARIS 07,75,6430Z - Fonds de placement et entités financières similaires,10 à 19
,FINANCIERE QUICK,Siège,ST DENIS,93,6420Z - Activités des sociétés holding,10 à 19
,FINANCIERE RHEA,Siège,PARIS 08,75,6420Z - Activités des sociétés holding,10 à 19
,FINANCIERE SOFT,Siège,PARIS 17,75,6420Z - Activités des sociétés holding,10 à 19
,FINANCIERE SOPARI,Siège,PARIS 08,75,6420Z - Activités des sociétés holding,10 à 19
,FINANCIERE SPIE BATIGNOLLES,Siège,NEUILLY SUR SEINE,92,6420Z - Activités des sociétés holding,10 à 19
,FINANCO,Etabt second.,PARIS 09,75,6492Z - Autre distribution de crédit,10 à 19
,FINANCO,Etabt second.,CHATENAY MALABRY,92,6492Z - Autre distribution de crédit,10 à 19
,FONDINVEST CAPITAL,Siège,PARIS 08,75,6430Z - Fonds de placement et entités financières similaires,10 à 19
,FORMERET HOLDING,Siège,PARIS 09,75,6420Z - Activités des sociétés holding,10 à 19
,FRANCOIS-CHARLES OBERTHUR SAS,Siège,PARIS 08,75,6420Z - Activités des sociétés holding,20 à 49
,FRANFINANCE,Etabt second.,RUEIL MALMAISON,92,6492Z - Autre distribution de crédit,20 à 49
,FRANFINANCE,Etabt second.,RUEIL MALMAISON,92,6492Z - Autre distribution de crédit,50 à 99
,FRANFINANCE,Siège,RUEIL MALMAISON,92,6492Z - Autre distribution de crédit,250 à 499
,FRANFINANCE,Etabt second.,RUEIL MALMAISON,92,6492Z - Autre distribution de crédit,200 à 249
,FRANKLIN TEMPLETON FRANCE SA,Siège,PARIS 02,75,6430Z - Fonds de placement et entités financières similaires,20 à 49
,FRENCH REAL ESTATE JB,Siège,PARIS 08,75,6420Z - Activités des sociétés holding,10 à 19
,FROGPUBS,Siège,PARIS 10,75,6420Z - Activités des sociétés holding,10 à 19
,GALIAN,Siège,PARIS 08,75,6492Z - Autre distribution de crédit,100 à 199
,GAZELEY FRANCE SAS,Siège,PARIS 08,75,6420Z - Activités des sociétés holding,10 à 19
,GE CAPITAL EQUIPEMENT FINANCE,Etabt second.,PARIS 15,75,6491Z - Crédit-bail,10 à 19
,GE CAPITAL EQUIPEMENT FINANCE,Siège,PUTEAUX,92,6491Z - Crédit-bail,100 à 199
,GE CAPITAL EQUIPEMENT FINANCE,Etabt second.,PUTEAUX,92,6491Z - Crédit-bail,200 à 249
,GE ENERGY POWER CONVERSION GROUP,Siège,PARIS 07,75,6430Z - Fonds de placement et entités financières similaires,50 à 99
,GEIMSA - VIDICHRI,Siège,OSNY,95,6420Z - Activités des sociétés holding,10 à 19
,GEKKO,Siège,LEVALLOIS PERRET,92,6420Z - Activités des sociétés holding,20 à 49
,GENEFIM,Etabt second.,COURBEVOIE,92,6491Z - Crédit-bail,50 à 99
,GEORGE V EATERTAINMENT,Siège,PARIS 08,75,6420Z - Activités des sociétés holding,100 à 199
,GEORGE V GESTION,Siège,PARIS 08,75,6420Z - Activités des sociétés holding,20 à 49
,GESTALT,Siège,PARIS 07,75,6420Z - Activités des sociétés holding,10 à 19
,GESTEPAR,Siège,PARIS 14,75,6430Z - Fonds de placement et entités financières similaires,10 à 19
,GESTION DE L EPARGNE SALARIALE,Etabt second.,ARCUEIL,94,6430Z - Fonds de placement et entités financières similaires,50 à 99
,GFI SECURITIES LIMITED,Siège,PARIS 08,75,"6499Z - Autres activités des services financiers, hors assurance et caisses de retraite, n.c.a.",100 à 199
,GIE GENERALI AGENCES,Siège,PARIS 09,75,6420Z - Activités des sociétés holding,20 à 49
,GLOBAL BLUE HOLDING,Siège,PARIS 09,75,6420Z - Activités des sociétés holding,10 à 19
,GLON SANDERS HOLDING,Etabt second.,PARIS 15,75,6420Z - Activités des sociétés holding,10 à 19
,GMAC BANQUE,Siège,ARGENTEUIL,95,6492Z - Autre distribution de crédit,50 à 99
,GOETZPARTNERS CORPORATE FINANCE,Siège,PARIS 08,75,6420Z - Activités des sociétés holding,10 à 19
,GOLDMAN SACHS PARIS INC. ET CIE,Etabt second.,PARIS 16,75,"6499Z - Autres activités des services financiers, hors assurance et caisses de retraite, n.c.a.",50 à 99
,GOLDMAN SACHS PARIS INC. ET CIE,Siège,PARIS 17,75,"6499Z - Autres activités des services financiers, hors assurance et caisses de retraite, n.c.a.",50 à 99
,GRADIVA,Siège,PARIS 19,75,6420Z - Activités des sociétés holding,10 à 19
,GRAVITATION,Siège,PARIS 08,75,6420Z - Activités des sociétés holding,10 à 19
,GROUPAMA EPARGNE SALARIALE,Siège,MONTREUIL,93,6430Z - Fonds de placement et entités financières similaires,20 à 49
,GROUPE AEF,Siège,PARIS 07,75,6430Z - Fonds de placement et entités financières similaires,10 à 19
,GROUPE DUSHOW,Siège,ROISSY EN FRANCE,95,6420Z - Activités des sociétés holding,50 à 99
,GROUPE EUROTUNNEL S.E.,Siège,PARIS 08,75,6420Z - Activités des sociétés holding,10 à 19
,GROUPE FECHOZ,Siège,PARIS 18,75,6430Z - Fonds de placement et entités financières similaires,10 à 19
,GROUPE FL FINANCE,Siège,PARIS 09,75,6420Z - Activités des sociétés holding,10 à 19
,GROUPE H.N.,Siège,PARIS 12,75,6420Z - Activités des sociétés holding,20 à 49
,GROUPE IDENTICAR,Siège,CHAVILLE,92,6420Z - Activités des sociétés holding,20 à 49
,GROUPE IMESTIA,Siège,ST DENIS,93,6420Z - Activités des sociétés holding,10 à 19
,GROUPE INDIGO TM,Etabt second.,LEVALLOIS PERRET,92,6420Z - Activités des sociétés holding,10 à 19
,GROUPE INDUSTRIEL MARCEL DASSAULT,Siège,PARIS 08,75,6430Z - Fonds de placement et entités financières similaires,20 à 49
,GROUPE INFODIS,Siège,ROISSY EN FRANCE,95,6420Z - Activités des sociétés holding,10 à 19
,GROUPE IRH ENVIRONNEMENT,Siège,GENNEVILLIERS,92,6420Z - Activités des sociétés holding,20 à 49
,GROUPE LES ECHOS SA,Siège,PARIS 02,75,6420Z - Activités des sociétés holding,500 à 999
,GROUPE LES JEUDIS,Siège,PARIS 13,75,6420Z - Activités des sociétés holding,20 à 49
,GROUPE MAISONS DE FAMILLE,Siège,COURBEVOIE,92,6420Z - Activités des sociétés holding,10 à 19
,GROUPE MARBEUF,Siège,PARIS 08,75,6430Z - Fonds de placement et entités financières similaires,20 à 49
,GROUPE MATFER BOURGEAT,Siège,LES LILAS,93,6420Z - Activités des sociétés holding,20 à 49
,GROUPE ON - X,Siège,PUTEAUX,92,6420Z - Activités des sociétés holding,200 à 249
,GROUPE PH,Siège,PARIS 09,75,6420Z - Activités des sociétés holding,20 à 49
,GROUPE PH,Etabt second.,PARIS 09,75,6420Z - Activités des sociétés holding,10 à 19
,GROUPE PICHET,Etabt second.,PARIS 08,75,6420Z - Activités des sociétés holding,10 à 19
,GROUPE PICHET,Etabt second.,PARIS 16,75,6420Z - Activités des sociétés holding,10 à 19
,GROUPE PLANET SUSHI,Siège,PUTEAUX,92,6420Z - Activités des sociétés holding,20 à 49
,GROUPE SCR,Siège,PARIS 17,75,6430Z - Fonds de placement et entités financières similaires,10 à 19
,GROUPE SINOUE,Siège,GARCHES,92,6420Z - Activités des sociétés holding,10 à 19
,GROUPE SNDTP,Siège,COURBEVOIE,92,6420Z - Activités des sociétés holding,20 à 49
,H 2C,Siège,VITRY SUR SEINE,94,6420Z - Activités des sociétés holding,10 à 19
,HAL SERVICES,Siège,CRETEIL,94,6420Z - Activités des sociétés holding,10 à 19
,HAVELLS SYLVANIA LIGHTING FRANCE,Siège,GENNEVILLIERS,92,6420Z - Activités des sociétés holding,50 à 99
,HBF SAS,Siège,PARIS 15,75,6420Z - Activités des sociétés holding,20 à 49
,HEMA FRANCE SAS,Siège,PARIS 01,75,6430Z - Fonds de placement et entités financières similaires,10 à 19
,HERMES INTERNATIONAL,Etabt second.,PARIS 12,75,6420Z - Activités des sociétés holding,20 à 49
,HFL HOLDINF FRANCO LEMMA,Etabt second.,BONDY,93,6420Z - Activités des sociétés holding,10 à 19
,HIPSTECH,Siège,PARIS 10,75,6420Z - Activités des sociétés holding,50 à 99
,HODIALL,Siège,AUBERVILLIERS,93,6420Z - Activités des sociétés holding,500 à 999
,HOLCIM BETONS (FRANCE),Etabt second.,MONTREUIL,93,6420Z - Activités des sociétés holding,20 à 49
,HOLDING AMBULANCES,Siège,BAGNEUX,92,6420Z - Activités des sociétés holding,10 à 19
,HOLDING CLAUDE BERNARD,Siège,PARIS 05,75,6420Z - Activités des sociétés holding,10 à 19
,HOLDING JMB,Siège,PARIS 09,75,6420Z - Activités des sociétés holding,20 à 49
,HOLIDAY INNS (COURTALIN) HOLDING,Siège,PARIS 09,75,6420Z - Activités des sociétés holding,20 à 49
,HOUR PASSION SAS,Etabt second.,TREMBLAY EN FRANCE,93,6420Z - Activités des sociétés holding,20 à 49
,HR-PATH,Siège,PARIS 13,75,6430Z - Fonds de placement et entités financières similaires,20 à 49
,HSBC EPARGNE ENTREPRISE (FRANCE),Etabt second.,PUTEAUX,92,6492Z - Autre distribution de crédit,10 à 19
,HUMANIS GESTION D'ACTIFS,Siège,MALAKOFF,92,6430Z - Fonds de placement et entités financières similaires,50 à 99
,HUN,Siège,PARIS 07,75,6420Z - Activités des sociétés holding,10 à 19
,HUYGHENS DE PARTICIPATIONS,Siège,PARIS 14,75,6420Z - Activités des sociétés holding,10 à 19
,I.F.C.I.C.,Siège,PARIS 16,75,6430Z - Fonds de placement et entités financières similaires,10 à 19
,IAGO,Siège,MONTREUIL,93,6420Z - Activités des sociétés holding,10 à 19
,ICAPE HOLDING,Siège,FONTENAY AUX ROSES,92,6430Z - Fonds de placement et entités financières similaires,10 à 19
,ICARE,Siège,BOULOGNE BILLANCOURT,92,6420Z - Activités des sociétés holding,50 à 99
,ICTS FRANCE HOLDING SAS,Siège,TREMBLAY EN FRANCE,93,6420Z - Activités des sociétés holding,10 à 19
,IFP,Siège,PARIS 15,75,6420Z - Activités des sociétés holding,10 à 19
,IFP,Etabt second.,SURESNES,92,6420Z - Activités des sociétés holding,10 à 19
,IMPACT FINANCES,Siège,PARIS 02,75,6492Z - Autre distribution de crédit,10 à 19
,IMS HEALTH TECHNOLOGY SOLUTIONS FRANCE,Etabt second.,VELIZY VILLACOUBLAY,78,6420Z - Activités des sociétés holding,50 à 99
,INDRECO,Siège,PARIS 08,75,6420Z - Activités des sociétés holding,10 à 19
,INDUSTRIEBANK AKTIENGESELLSCHAFT,Siège,PARIS 08,75,6430Z - Fonds de placement et entités financières similaires,10 à 19
,INEUM CONSEIL ET ASSOCIES,Siège,NEUILLY SUR SEINE,92,6420Z - Activités des sociétés holding,20 à 49
,ING LEASING FRANCE,Siège,PARIS 12,75,6491Z - Crédit-bail,10 à 19
,INNOVAPRESSE & COMMUNICATION,Siège,CLICHY,92,6420Z - Activités des sociétés holding,10 à 19
,INTER EXPANSION-FONGEPAR,Etabt second.,MALAKOFF,92,6430Z - Fonds de placement et entités financières similaires,20 à 49
,INTER EXPANSION-FONGEPAR,Siège,PARIS 16,75,6430Z - Fonds de placement et entités financières similaires,20 à 49
,INTER GESTION,Siège,PARIS 02,75,6420Z - Activités des sociétés holding,10 à 19
,INTERNATIONAL ESTHETIQUE,Etabt second.,PARIS 09,75,6420Z - Activités des sociétés holding,20 à 49
,INTERNATIONAL PAPER FRANCE SAS,Siège,GUYANCOURT,78,6420Z - Activités des sociétés holding,10 à 19
,IONIS GROUPE,Siège,PARIS 03,75,6420Z - Activités des sociétés holding,20 à 49
,IPRAD GROUP,Siège,PARIS 10,75,6420Z - Activités des sociétés holding,20 à 49
,ISOBOX TECHNOLOGIES,Etabt second.,LIMETZ VILLEZ,78,6420Z - Activités des sociétés holding,20 à 49
,ITALCEMENTI FINANCE,Siège,PUTEAUX,92,6420Z - Activités des sociétés holding,10 à 19
,ITW GROUP FRANCE (LUXEMBOURG) SARL,Siège,PARIS 09,75,6420Z - Activités des sociétés holding,10 à 19
,J.N. HOLDING,Siège,PARIS 12,75,6430Z - Fonds de placement et entités financières similaires,10 à 19
,JACQUES BOGART,Etabt second.,PARIS 07,75,6420Z - Activités des sociétés holding,50 à 99
,JADE SERVICES,Siège,LE CHESNAY,78,6430Z - Fonds de placement et entités financières similaires,20 à 49
,JEAN JAURES EXPANSION,Siège,LA COURNEUVE,93,6420Z - Activités des sociétés holding,10 à 19
,JEAN LOUIS DAVID FRANCE,Siège,PARIS 08,75,6420Z - Activités des sociétés holding,10 à 19
,JEANNE LANVIN,Etabt second.,PARIS 08,75,6420Z - Activités des sociétés holding,20 à 49
,JEMS,Etabt second.,NEUILLY SUR SEINE,92,6420Z - Activités des sociétés holding,10 à 19
,JET SERVICES GROUP,Siège,PARIS 08,75,6420Z - Activités des sociétés holding,10 à 19
,JFX,Etabt second.,PARIS 03,75,6420Z - Activités des sociétés holding,10 à 19
,JLA HOLDING,Siège,ST DENIS,93,6420Z - Activités des sociétés holding,10 à 19
,JMR HOLDING,Siège,VERSAILLES,78,6420Z - Activités des sociétés holding,10 à 19
,JOHNSON & JOHNSON CONSUMER HOLDINGS FR,Siège,ISSY LES MOULINEAUX,92,6420Z - Activités des sociétés holding,200 à 249
,JOUR DEVELOPPEMENT,Siège,COURBEVOIE,92,6420Z - Activités des sociétés holding,20 à 49
,JP MORGAN ASSET MANAGEMENT EUROPE SARL,Etabt second.,PARIS 01,75,6430Z - Fonds de placement et entités financières similaires,20 à 49
,JULES BECHET ENTREPRISES J. B. E,Siège,CLICHY,92,6420Z - Activités des sociétés holding,10 à 19
,JUNE PARTNERS,Siège,PARIS 09,75,"6499Z - Autres activités des services financiers, hors assurance et caisses de retraite, n.c.a.",20 à 49
,K-ANTE,Siège,GUYANCOURT,78,6420Z - Activités des sociétés holding,10 à 19
,KARLINCO,Siège,PARIS 16,75,6420Z - Activités des sociétés holding,20 à 49
,KERISPER,Etabt second.,RUEIL MALMAISON,92,6420Z - Activités des sociétés holding,10 à 19
,KEYADE HOLDING,Siège,NEUILLY SUR SEINE,92,6420Z - Activités des sociétés holding,50 à 99
,KISSKISSBANKBANK TECHNOLOGIES,Siège,PARIS 10,75,"6499Z - Autres activités des services financiers, hors assurance et caisses de retraite, n.c.a.",10 à 19
,KOBA GROUP,Siège,PARIS 17,75,"6499Z - Autres activités des services financiers, hors assurance et caisses de retraite, n.c.a.",10 à 19
,KOBALTT,Siège,PARIS 02,75,6420Z - Activités des sociétés holding,10 à 19
,KUEHNE + NAGEL MANAGEMENT,Etabt second.,ARCUEIL,94,6420Z - Activités des sociétés holding,10 à 19
,KUEHNE+NAGEL PARTICIPATIONS,Etabt second.,ARCUEIL,94,6420Z - Activités des sociétés holding,10 à 19
,KUKA SYSTEMS FRANCE,Etabt second.,ST CLOUD,92,6420Z - Activités des sociétés holding,20 à 49
,L CAPITAL MANAGEMENT,Siège,PARIS 08,75,6430Z - Fonds de placement et entités financières similaires,10 à 19
,LA BANQUE POSTALE CREDIT ENTREPRISES,Etabt second.,ISSY LES MOULINEAUX,92,6492Z - Autre distribution de crédit,50 à 99
,LA BANQUE POSTALE FINANCEMENT,Etabt second.,ST DENIS,93,6492Z - Autre distribution de crédit,250 à 499
,LA BAULE PLV,Siège,EPINAY SUR SEINE,93,6430Z - Fonds de placement et entités financières similaires,10 à 19
,LA BOETIE DEVELOPPEMENT 1,Etabt second.,PARIS 02,75,6420Z - Activités des sociétés holding,10 à 19
,LA CENTRALE DE FINANCEMENT (LCF),Etabt second.,PARIS 09,75,6492Z - Autre distribution de crédit,10 à 19
,LA CROISSANTERIE,Siège,CLICHY,92,6420Z - Activités des sociétés holding,50 à 99
,LA FRANCAISE REAL ESTATE MANAGERS,Siège,PARIS 08,75,6430Z - Fonds de placement et entités financières similaires,100 à 199
,LA POSTE GLOBAL MAIL,Siège,PARIS 14,75,6420Z - Activités des sociétés holding,50 à 99
,LABCO,Siège,PARIS 10,75,6430Z - Fonds de placement et entités financières similaires,20 à 49
,LABORATOIRES FOURNIER SAS,Siège,SURESNES,92,6420Z - Activités des sociétés holding,50 à 99
,LACROIX PARTICIPATIONS ET SERVICES,Siège,BEAUCHAMP,95,6420Z - Activités des sociétés holding,10 à 19
,LAFAYETTE GESTION,Siège,PARIS 07,75,6420Z - Activités des sociétés holding,10 à 19
,LAGARDERE SPORTS AND ENTERTAINMENT,Siège,BOULOGNE BILLANCOURT,92,6420Z - Activités des sociétés holding,50 à 99
,LAMY SA,Siège,RUEIL MALMAISON,92,6420Z - Activités des sociétés holding,20 à 49
,LBC FRANCE HOLDING SAS,Siège,PARIS 16,75,6430Z - Fonds de placement et entités financières similaires,10 à 19
,LE CHAMEAU,Siège,PARIS 17,75,6420Z - Activités des sociétés holding,20 à 49
,LE MARCHE CONSEIL,Siège,PARIS 05,75,6420Z - Activités des sociétés holding,10 à 19
,LEADER CENTRE GESTION,Siège,VITRY SUR SEINE,94,6420Z - Activités des sociétés holding,10 à 19
,LES ARGONAUTES,Siège,PARIS 05,75,6420Z - Activités des sociétés holding,20 à 49
,LES COMPAGNONS DU DEPANNAGE LCDD,Siège,LES LILAS,93,6430Z - Fonds de placement et entités financières similaires,20 à 49
,LES DOMAINES BARONS DE ROTHSCHILD,Siège,PARIS 08,75,6420Z - Activités des sociétés holding,10 à 19
,LES INSEPARABLES,Etabt second.,PARIS 12,75,6420Z - Activités des sociétés holding,10 à 19
,LION SENECA FRANCE 2,Siège,PARIS 08,75,6420Z - Activités des sociétés holding,20 à 49
,LMG FINANCE,Etabt second.,CHEVILLY LARUE,94,6420Z - Activités des sociétés holding,10 à 19
,LOGISTORE,Siège,NANTERRE,92,6420Z - Activités des sociétés holding,20 à 49
,LOGOPLASTE FRANCE,Siège,NEUILLY PLAISANCE,93,6420Z - Activités des sociétés holding,10 à 19
,LONSDALE CONSUMER,Siège,PARIS 08,75,6420Z - Activités des sociétés holding,20 à 49
,LOUVOIS,Siège,MEUDON,92,6420Z - Activités des sociétés holding,10 à 19
,LOUVRE HOTELS GROUP,Siège,NANTERRE,92,6420Z - Activités des sociétés holding,250 à 499
,LS PARTNERS,Siège,PARIS 08,75,6420Z - Activités des sociétés holding,10 à 19
,LVMH MOET HENNESSY LOUIS VUITTON,Siège,PARIS 08,75,6420Z - Activités des sociétés holding,20 à 49
,MADRIGALL,Siège,PARIS 07,75,6420Z - Activités des sociétés holding,10 à 19
,MAIA,Siège,BAGNOLET,93,6430Z - Fonds de placement et entités financières similaires,20 à 49
,MAISONS DE FAMILLE FRANCE,Siège,COURBEVOIE,92,6420Z - Activités des sociétés holding,20 à 49
,MAKHEIA GROUP,Siège,PARIS 17,75,6420Z - Activités des sociétés holding,10 à 19
,MANOIR INDUSTRIES,Siège,PARIS 08,75,6420Z - Activités des sociétés holding,10 à 19
,MANUTAN INTERNATIONAL,Siège,GONESSE,95,6420Z - Activités des sociétés holding,50 à 99
,MARTIN SAUMIAC,Siège,PARIS 05,75,6420Z - Activités des sociétés holding,10 à 19
,MATERIS CORPORATE SERVICES,Siège,CLICHY,92,6420Z - Activités des sociétés holding,20 à 49
,MBMA,Siège,PARIS 08,75,6420Z - Activités des sociétés holding,20 à 49
,MBO PARTENAIRES,Siège,PARIS 08,75,6430Z - Fonds de placement et entités financières similaires,10 à 19
,MCA GROUPE,Siège,LEVALLOIS PERRET,92,6420Z - Activités des sociétés holding,10 à 19
,MEDIATRIBU GROUPE,Siège,ST DENIS,93,6420Z - Activités des sociétés holding,10 à 19
,MEESCHAERT ASSET MANAGEMENT,Siège,PARIS 08,75,6430Z - Fonds de placement et entités financières similaires,20 à 49
,MELITTA FRANCE SAS,Etabt second.,PARIS 10,75,6420Z - Activités des sociétés holding,50 à 99
,MERCEDS-BENZ FINANCIAL SERVICES FRANCE,Siège,MONTIGNY LE BRETONNEUX,78,6491Z - Crédit-bail,200 à 249
,MERIDIAM,Siège,PARIS 02,75,6420Z - Activités des sociétés holding,20 à 49
,MINELLI,Etabt second.,PARIS 19,75,6420Z - Activités des sociétés holding,10 à 19
,MINKSJO LABELPACK,Etabt second.,FONTENAY SOUS BOIS,94,6420Z - Activités des sociétés holding,10 à 19
,MIS IMPLANTS TECHNOLOGIES FRANCE,Siège,LEVALLOIS PERRET,92,6420Z - Activités des sociétés holding,20 à 49
,MJA,Siège,PARIS 13,75,6420Z - Activités des sociétés holding,20 à 49
,MJBL,Siège,ST OUEN,93,6420Z - Activités des sociétés holding,10 à 19
,MKG GROUP FRANCE,Siège,PARIS 15,75,6420Z - Activités des sociétés holding,10 à 19
,MOBILITAS,Siège,BEAUCHAMP,95,6420Z - Activités des sociétés holding,20 à 49
,MOET HENNESSY,Etabt second.,PARIS 16,75,6420Z - Activités des sociétés holding,50 à 99
,MOET HENNESSY,Etabt second.,PARIS 08,75,6420Z - Activités des sociétés holding,200 à 249
,MOM,Siège,PARIS 08,75,6420Z - Activités des sociétés holding,10 à 19
,MONTBLEU FINANCE,Siège,PARIS 08,75,6430Z - Fonds de placement et entités financières similaires,10 à 19
,MORGAN STANLEY & CO INTERNATIONAL PLC,Siège,PARIS 08,75,"6499Z - Autres activités des services financiers, hors assurance et caisses de retraite, n.c.a.",50 à 99
,MULTI CONSEILS,Siège,PARIS 16,75,6420Z - Activités des sociétés holding,20 à 49
,MY WAY,Siège,PARIS 08,75,6420Z - Activités des sociétés holding,10 à 19
,N. BORNEO,Siège,HERBLAY,95,6420Z - Activités des sociétés holding,20 à 49
,NATIXIS,Etabt second.,CHARENTON LE PONT,94,6492Z - Autre distribution de crédit,500 à 999
,NATIXIS,Etabt second.,PARIS 14,75,6492Z - Autre distribution de crédit,50 à 99
,NATIXIS,Etabt second.,GUYANCOURT,78,6492Z - Autre distribution de crédit,10 à 19
,NATIXIS,Etabt second.,PARIS 12,75,6492Z - Autre distribution de crédit,500 à 999
,NATIXIS,Etabt second.,PARIS 12,75,6492Z - Autre distribution de crédit,500 à 999
,NATIXIS,Etabt second.,CHARENTON LE PONT,94,6492Z - Autre distribution de crédit,250 à 499
,NATIXIS,Etabt second.,CHARENTON LE PONT,94,6492Z - Autre distribution de crédit,100 à 199
,NATIXIS,Etabt second.,PARIS 13,75,6492Z - Autre distribution de crédit,1000 à 1999
,NATIXIS,Etabt second.,PARIS 02,75,6492Z - Autre distribution de crédit,10 à 19
,NATIXIS ASSET MANAGEMENT FINANCE,Siège,PARIS 13,75,6430Z - Fonds de placement et entités financières similaires,20 à 49
,NATIXIS COFICINE,Siège,PARIS 16,75,6492Z - Autre distribution de crédit,20 à 49
,NATIXIS ENERGECO,Siège,PARIS 13,75,6491Z - Crédit-bail,50 à 99
,NATIXIS FACTOR,Etabt second.,CHARENTON LE PONT,94,6492Z - Autre distribution de crédit,500 à 999
,NATIXIS FINANCEMENT,Etabt second.,PARIS 13,75,6492Z - Autre distribution de crédit,200 à 249
,NATIXIS GLOBAL ASSET MANAGEMENT,Siège,PARIS 13,75,6420Z - Activités des sociétés holding,50 à 99
,NATIXIS LEASE,Etabt second.,CHARENTON LE PONT,94,6491Z - Crédit-bail,500 à 999
,NAXICAP PARTNERS,Siège,PARIS 07,75,6430Z - Fonds de placement et entités financières similaires,20 à 49
,NES PARIS,Etabt second.,PARIS 08,75,6420Z - Activités des sociétés holding,10 à 19
,NES PARIS,Siège,PARIS 08,75,6420Z - Activités des sociétés holding,10 à 19
,NEW TABU,Siège,BRY SUR MARNE,94,6420Z - Activités des sociétés holding,10 à 19
,NEXEYA,Siège,CHATENAY MALABRY,92,6420Z - Activités des sociétés holding,20 à 49
,NGAM S.A,Siège,PARIS 13,75,6430Z - Fonds de placement et entités financières similaires,50 à 99
,NIXEN PARTNERS,Siège,PARIS 08,75,6430Z - Fonds de placement et entités financières similaires,10 à 19
,NLMK DISTRIBUTION FRANCE,Siège,AUBERVILLIERS,93,6420Z - Activités des sociétés holding,10 à 19
,NNIP ASSET MANAGEMENT B.V,Siège,PARIS 09,75,6430Z - Fonds de placement et entités financières similaires,10 à 19
,NOE,Siège,RAMBOUILLET,78,6420Z - Activités des sociétés holding,10 à 19
,NOVAFINANCE,Etabt second.,PARIS 08,75,6420Z - Activités des sociétés holding,10 à 19
,NOVAFINANCE,Siège,PARIS 08,75,6420Z - Activités des sociétés holding,10 à 19
,NOVETHIC,Siège,PARIS 07,75,6420Z - Activités des sociétés holding,20 à 49
,NOVOMED GROUP,Siège,PARIS 19,75,6420Z - Activités des sociétés holding,10 à 19
,NPC,Siège,CLICHY,92,6430Z - Fonds de placement et entités financières similaires,20 à 49
,NUMEN,Siège,PARIS 09,75,6420Z - Activités des sociétés holding,10 à 19
,NUMERICABLE-SFR,Etabt second.,ST DENIS,93,6420Z - Activités des sociétés holding,10 à 19
,NVIDIA LIMITED,Siège,COURBEVOIE,92,6420Z - Activités des sociétés holding,20 à 49
,OCTO FINANCES SA,Siège,PARIS 08,75,6430Z - Fonds de placement et entités financières similaires,20 à 49
,OCTOPODE HOLDING,Siège,MONTREUIL,93,6420Z - Activités des sociétés holding,20 à 49
,OMILOS THESSALIA,Siège,PARIS 05,75,6420Z - Activités des sociétés holding,10 à 19
,OMNIUM NATIONAL INDUST DES PEINTURES,Siège,LE KREMLIN BICETRE,94,6420Z - Activités des sociétés holding,10 à 19
,OPTICAL FINANCE,Siège,PARIS 19,75,6420Z - Activités des sociétés holding,20 à 49
,ORIENTIS,Siège,PARIS 08,75,6420Z - Activités des sociétés holding,10 à 19
,OSEA,Siège,CHAMBOURCY,78,6420Z - Activités des sociétés holding,20 à 49
,OTEIS FRANCE SAS,Siège,PARIS 17,75,6420Z - Activités des sociétés holding,10 à 19
,OUDART GESTION,Siège,PARIS 02,75,6430Z - Fonds de placement et entités financières similaires,20 à 49
,OUEST CATERING,Siège,ISSY LES MOULINEAUX,92,6420Z - Activités des sociétés holding,20 à 49
,OVALTO INVESTISSEMENT,Etabt second.,LE PLESSIS ROBINSON,92,6430Z - Fonds de placement et entités financières similaires,20 à 49
,OWLIANCE SERVICES ET ASSISTANCE,Siège,PARIS 08,75,6420Z - Activités des sociétés holding,20 à 49
,OXO GROUPE,Siège,ROSNY SOUS BOIS,93,6420Z - Activités des sociétés holding,10 à 19
,P. R. O. DISTRIBUTION,Siège,SEVRES,92,6420Z - Activités des sociétés holding,20 à 49
,PACIFICO,Etabt second.,PARIS 08,75,6430Z - Fonds de placement et entités financières similaires,10 à 19
,PACIFICO,Siège,PARIS 02,75,6430Z - Fonds de placement et entités financières similaires,10 à 19
,PALICO SAS,Siège,PARIS 09,75,6430Z - Fonds de placement et entités financières similaires,10 à 19
,PAPREC GROUP,Etabt second.,LA COURNEUVE,93,6420Z - Activités des sociétés holding,50 à 99
,PAPREC GROUP,Siège,LA COURNEUVE,93,6420Z - Activités des sociétés holding,50 à 99
,PARFININCO,Siège,COURBEVOIE,92,6420Z - Activités des sociétés holding,10 à 19
,PARI GOURMET,Siège,STAINS,93,6420Z - Activités des sociétés holding,10 à 19
,PAUL HARTMANN SA,Etabt second.,ARCUEIL,94,6420Z - Activités des sociétés holding,10 à 19
,PECHEL INDUSTRIES PARTENAIRES,Siège,PARIS 08,75,6430Z - Fonds de placement et entités financières similaires,10 à 19
,PEEK A BOO,Siège,PARIS 01,75,6420Z - Activités des sociétés holding,10 à 19
,PERIAL,Siège,PARIS 17,75,6420Z - Activités des sociétés holding,20 à 49
,PH FINANCE,Siège,PARIS 17,75,6430Z - Fonds de placement et entités financières similaires,10 à 19
,PHINEX,Siège,FONTENAY SOUS BOIS,94,6430Z - Fonds de placement et entités financières similaires,10 à 19
,PHISON CAPITAL,Siège,PARIS 07,75,6430Z - Fonds de placement et entités financières similaires,10 à 19
,PHYSIO CONTROL FRANCE SALES SARL,Siège,ISSY LES MOULINEAUX,92,6420Z - Activités des sociétés holding,20 à 49
,PIERRE & VACANCES TOURISME EUROPE,Siège,PARIS 19,75,6420Z - Activités des sociétés holding,100 à 199
,PLUS S A,Siège,PARIS 08,75,6420Z - Activités des sociétés holding,10 à 19
,POCHET,Siège,CLICHY,92,6420Z - Activités des sociétés holding,10 à 19
,POCHET,Etabt second.,PARIS 10,75,6420Z - Activités des sociétés holding,10 à 19
,POLAROID EUROPA BV,Etabt second.,ELANCOURT,78,6420Z - Activités des sociétés holding,10 à 19
,PONTICELLI FRERES HOLDING,Siège,PARIS 13,75,6420Z - Activités des sociétés holding,10 à 19
,PRESTALLIANCE,Etabt second.,VILLEPINTE,93,"6499Z - Autres activités des services financiers, hors assurance et caisses de retraite, n.c.a.",10 à 19
,PRIMONIAL PARTENAIRES,Siège,PARIS 07,75,6430Z - Fonds de placement et entités financières similaires,20 à 49
,PRO ONE FINANCE,Etabt second.,PARIS 08,75,6430Z - Fonds de placement et entités financières similaires,10 à 19
,PROCAPITAL,Siège,PUTEAUX,92,6430Z - Fonds de placement et entités financières similaires,100 à 199
,PROCIVIS IMMOBILIER,Siège,PARIS 08,75,6420Z - Activités des sociétés holding,10 à 19
,PROCLIM FINANCE,Siège,TREMBLAY EN FRANCE,93,6420Z - Activités des sociétés holding,10 à 19
,PROCUREMENT SERVICES FRANCE,Etabt second.,ISSY LES MOULINEAUX,92,6430Z - Fonds de placement et entités financières similaires,100 à 199
,PROMOCAR,Siège,BOULOGNE BILLANCOURT,92,6420Z - Activités des sociétés holding,10 à 19
,PROVASSISTANCE,Siège,PARIS 08,75,6420Z - Activités des sociétés holding,10 à 19
,QUADRIPLAY COMMUNICATION MOBILE,Siège,BOULOGNE BILLANCOURT,92,6420Z - Activités des sociétés holding,20 à 49
,QUINTILES HOLDING,Siège,LEVALLOIS PERRET,92,6420Z - Activités des sociétés holding,10 à 19
,R ET B ASSOCIES,Siège,PARIS 02,75,6420Z - Activités des sociétés holding,10 à 19
,RADIALL VENTURES,Siège,AUBERVILLIERS,93,6420Z - Activités des sociétés holding,500 à 999
,RBC INVESTOR SERVICES FRANCE SA,Siège,PARIS 02,75,6430Z - Fonds de placement et entités financières similaires,50 à 99
,REGIE LINGE HOLDING,Siège,MONTROUGE,92,6420Z - Activités des sociétés holding,10 à 19
,REPETTO INTERNATIONAL,Siège,PARIS 08,75,6430Z - Fonds de placement et entités financières similaires,10 à 19
,RESEAU IMMOBILIER DE FRANCHISE RIF,Siège,LEVALLOIS PERRET,92,6420Z - Activités des sociétés holding,10 à 19
,RESILIENCE INVESTISSEMENT,Siège,IVRY SUR SEINE,94,6420Z - Activités des sociétés holding,10 à 19
,REXEL DEVELOPPEMENT SAS,Siège,PARIS 17,75,6420Z - Activités des sociétés holding,200 à 249
,REZIDOR HOSPITALITY FRANCE,Siège,PUTEAUX,92,6420Z - Activités des sociétés holding,10 à 19
,RHODIA,Etabt second.,BOULOGNE BILLANCOURT,92,6420Z - Activités des sociétés holding,10 à 19
,RIOM LABORATOIRES CERM,Etabt second.,PUTEAUX,92,6420Z - Activités des sociétés holding,20 à 49
,RJKL FINANCES,Siège,NOISY LE SEC,93,6420Z - Activités des sociétés holding,10 à 19
,ROBERT HALF,Siège,PARIS 09,75,6420Z - Activités des sociétés holding,20 à 49
,ROBERT HALF,Etabt second.,PARIS 02,75,6420Z - Activités des sociétés holding,20 à 49
,ROCAMAT,Siège,L ILE ST DENIS,93,6420Z - Activités des sociétés holding,20 à 49
,ROND POINT INVESTISSEMENTS,Siège,PARIS 08,75,6430Z - Fonds de placement et entités financières similaires,20 à 49
,ROSSO INVESTISSEMENTS,Siège,PARIS 17,75,6430Z - Fonds de placement et entités financières similaires,10 à 19
,ROTHSCHILD & CIE,Siège,PARIS 08,75,6430Z - Fonds de placement et entités financières similaires,200 à 249
,ROTHSCHILD & CO,Siège,PARIS 08,75,"6499Z - Autres activités des services financiers, hors assurance et caisses de retraite, n.c.a.",20 à 49
,ROTHSCHILD HDF INVESTMENT SOLUTIONS,Siège,PARIS 08,75,6430Z - Fonds de placement et entités financières similaires,50 à 99
,ROUGIER ET FILS,Etabt second.,PARIS 08,75,6420Z - Activités des sociétés holding,10 à 19
,ROUX COMBALUZIER SCHINDLER,Siège,VELIZY VILLACOUBLAY,78,6420Z - Activités des sociétés holding,20 à 49
,RUBIS,Siège,PARIS 16,75,6420Z - Activités des sociétés holding,10 à 19
,RUNGIMAT,Siège,RUNGIS,94,6420Z - Activités des sociétés holding,10 à 19
,S G E T T,Siège,PARIS 15,75,6420Z - Activités des sociétés holding,10 à 19
,S.E.MAB EX MA BANQUE,Siège,PARIS 13,75,"6499Z - Autres activités des services financiers, hors assurance et caisses de retraite, n.c.a.",100 à 199
,SA ALBATROS INVESTISSEMENT,Etabt second.,PUTEAUX,92,6420Z - Activités des sociétés holding,200 à 249
,SAD'S GROUP,Siège,ST MAUR DES FOSSES,94,6420Z - Activités des sociétés holding,10 à 19
,SAGA INTERNATIONAL MANAGEMENT ET CIE,Siège,PUTEAUX,92,6420Z - Activités des sociétés holding,100 à 199
,SAGGEL HOLDING,Siège,CLICHY,92,6420Z - Activités des sociétés holding,20 à 49
,SAINT ALGUE FRANCE,Siège,PARIS 08,75,6420Z - Activités des sociétés holding,20 à 49
,SAINT ROCH INDUSTRIES,Siège,CARRIERES SUR SEINE,78,6420Z - Activités des sociétés holding,10 à 19
,SAKAR,Siège,MONTREUIL,93,6420Z - Activités des sociétés holding,10 à 19
,SANTE PARTENAIRES,Siège,PARIS 08,75,6420Z - Activités des sociétés holding,10 à 19
,SANTE PLURIEL HOLDING,Siège,SARCELLES,95,6420Z - Activités des sociétés holding,20 à 49
,SARL ALBIN,Siège,PARIS 16,75,6420Z - Activités des sociétés holding,20 à 49
,SARTORIUS,Siège,PARIS 08,75,6420Z - Activités des sociétés holding,10 à 19
,SAS PARIS HONOTEL,Siège,PARIS 08,75,6430Z - Fonds de placement et entités financières similaires,20 à 49
,SAUPER AVIATION,Siège,PARIS 17,75,6420Z - Activités des sociétés holding,10 à 19
,SAVANE BROSSARD,Etabt second.,PARIS 16,75,6420Z - Activités des sociétés holding,20 à 49
,SCAPRIM SERVICES,Siège,PARIS 08,75,6420Z - Activités des sociétés holding,10 à 19
,SCHIBSTED FRANCE,Siège,PARIS 08,75,6420Z - Activités des sociétés holding,20 à 49
,SCHOTT FRANCE,Siège,CLICHY,92,6420Z - Activités des sociétés holding,10 à 19
,SCHRODER INVESTMENT MANAGEMENT LTD,Etabt second.,PARIS 08,75,6430Z - Fonds de placement et entités financières similaires,10 à 19
,SEGULA HOLDING,Siège,NANTERRE,92,6420Z - Activités des sociétés holding,10 à 19
,SEMAPHORES ENTREPRISES,Etabt second.,PARIS 17,75,6420Z - Activités des sociétés holding,20 à 49
,SENDA,Siège,PARIS 17,75,6430Z - Fonds de placement et entités financières similaires,10 à 19
,SEQUANA,Siège,BOULOGNE BILLANCOURT,92,6430Z - Fonds de placement et entités financières similaires,10 à 19
,SETEC CONSULTANTS,Siège,PARIS 12,75,6430Z - Fonds de placement et entités financières similaires,20 à 49
,SEVENTURE PARTNERS,Siège,PARIS 07,75,6430Z - Fonds de placement et entités financières similaires,20 à 49
,SF KHAGHANI,Siège,VILLEMOMBLE,93,6420Z - Activités des sociétés holding,10 à 19
,SFRR,Siège,SANNOIS,95,6420Z - Activités des sociétés holding,20 à 49
,SG OPTION EUROPE,Etabt second.,PARIS 09,75,6492Z - Autre distribution de crédit,10 à 19
,SGFGAS,Siège,PARIS 09,75,"6499Z - Autres activités des services financiers, hors assurance et caisses de retraite, n.c.a.",20 à 49
,SHELL RETRAITES,Siège,COLOMBES,92,6420Z - Activités des sociétés holding,10 à 19
,SHOPINVEST,Siège,PARIS 17,75,6420Z - Activités des sociétés holding,10 à 19
,SIAGI,Siège,PARIS 09,75,6492Z - Autre distribution de crédit,20 à 49
,SICAVONLINE SA,Siège,NANTERRE,92,6430Z - Fonds de placement et entités financières similaires,10 à 19
,SIDI,Siège,PARIS 05,75,6430Z - Fonds de placement et entités financières similaires,20 à 49
,SIG FRANCE,Siège,MALAKOFF,92,6420Z - Activités des sociétés holding,20 à 49
,SIMGAM SOCIETE D IMPRESSION DU GROUPE,Siège,ST OUEN,93,6420Z - Activités des sociétés holding,10 à 19
,SIMRA FINANCE,Siège,NANTERRE,92,6430Z - Fonds de placement et entités financières similaires,20 à 49
,SIX DEVELOP FINANCIER INTERNATIONAL,Siège,BOBIGNY,93,6420Z - Activités des sociétés holding,10 à 19
,SLOTA,Etabt second.,ST DENIS,93,6420Z - Activités des sociétés holding,10 à 19
,SLOTA,Siège,PARIS 07,75,6420Z - Activités des sociétés holding,10 à 19
,SMCP S.A.S.,Siège,PARIS 01,75,6420Z - Activités des sociétés holding,100 à 199
,SMURFIT KAPPA GOETHE,Siège,PARIS 16,75,6420Z - Activités des sociétés holding,20 à 49
,SMURFIT KAPPA HOLDING SOCAR,Siège,ST MANDE,94,6420Z - Activités des sociétés holding,100 à 199
,SO.CA.F.,Siège,PARIS 15,75,6492Z - Autre distribution de crédit,20 à 49
,SOBOPAT,Siège,MONTREUIL,93,6420Z - Activités des sociétés holding,10 à 19
,SOCFIM,Siège,PARIS 15,75,6492Z - Autre distribution de crédit,50 à 99
,SOCIETE CENTRALE PREVOIR,Siège,PARIS 09,75,6420Z - Activités des sociétés holding,10 à 19
,SOCIETE DE NEGOCE ET DE PARTICIPATION,Siège,PARIS 08,75,6420Z - Activités des sociétés holding,10 à 19
,SOCIETE FINANCIERE BIGARD,Siège,CHEVILLY LARUE,94,6420Z - Activités des sociétés holding,10 à 19
,SOCIETE FINANCIERE ROPERT,Siège,LA GARENNE COLOMBES,92,6420Z - Activités des sociétés holding,10 à 19
,SOCIETE INTERNATIONALE DE PLANTATIONS,Siège,COURBEVOIE,92,6420Z - Activités des sociétés holding,20 à 49
,SOCOREC,Siège,PARIS 15,75,6492Z - Autre distribution de crédit,20 à 49
,SODEXO,Siège,ISSY LES MOULINEAUX,92,6420Z - Activités des sociétés holding,250 à 499
,SODEXO GC,Siège,ISSY LES MOULINEAUX,92,6420Z - Activités des sociétés holding,10 à 19
,SOFIAP,Siège,PARIS 11,75,6492Z - Autre distribution de crédit,100 à 199
,SOFIGARANT,Siège,PARIS 07,75,6420Z - Activités des sociétés holding,10 à 19
,SOFIGEORGES,Siège,PARIS 07,75,6420Z - Activités des sociétés holding,10 à 19
,SOFIPOST,Siège,PARIS 14,75,6420Z - Activités des sociétés holding,10 à 19
,SOFIPROTEOL,Siège,PARIS 08,75,6492Z - Autre distribution de crédit,20 à 49
,SOFRA,Siège,NEUILLY SUR SEINE,92,6420Z - Activités des sociétés holding,10 à 19
,SONEPAR FRANCE,Siège,BOULOGNE BILLANCOURT,92,6420Z - Activités des sociétés holding,10 à 19
,SPIE BATIGNOLLES CONCESSIONS,Siège,NEUILLY SUR SEINE,92,6420Z - Activités des sociétés holding,20 à 49
,SPIRIT,Siège,CLICHY,92,6420Z - Activités des sociétés holding,10 à 19
,SRM,Siège,BOISSY ST LEGER,94,6420Z - Activités des sociétés holding,10 à 19
,STE EUR PRESSE FISCALE ET JURIDIQUE,Siège,PARIS 10,75,6420Z - Activités des sociétés holding,10 à 19
,STE OSNYSSOISE DISTRIBUTION SOSNYDIS,Siège,OSNY,95,6420Z - Activités des sociétés holding,50 à 99
,STEF LOGISTIQUE,Siège,PARIS 08,75,6420Z - Activités des sociétés holding,100 à 199
,STEVA,Etabt second.,MONTROUGE,92,6420Z - Activités des sociétés holding,10 à 19
,STRADAL,Siège,CERGY,95,6420Z - Activités des sociétés holding,50 à 99
,T 2 M C,Siège,LE PLESSIS TREVISE,94,6420Z - Activités des sociétés holding,10 à 19
,TAGERIM,Siège,PARIS 08,75,6420Z - Activités des sociétés holding,10 à 19
,TALEK,Etabt second.,IVRY SUR SEINE,94,6420Z - Activités des sociétés holding,10 à 19
,TALEK,Siège,PARIS 05,75,6420Z - Activités des sociétés holding,10 à 19
,TALENTBOX,Siège,PARIS 03,75,6420Z - Activités des sociétés holding,10 à 19
,TCR CAPITAL SAS,Siège,PARIS 08,75,6430Z - Fonds de placement et entités financières similaires,10 à 19
,TECHNOLOGIES BROADCASTING SYSTEM,Siège,BAILLY,78,6420Z - Activités des sociétés holding,20 à 49
,TELEPERFORMANCE SE,Siège,PARIS 08,75,6420Z - Activités des sociétés holding,20 à 49
,TEMPO CAFE,Siège,COLOMBES,92,6420Z - Activités des sociétés holding,10 à 19
,TETRA MEDIA STUDIO,Siège,BOULOGNE BILLANCOURT,92,6420Z - Activités des sociétés holding,10 à 19
,TEVEA INTERNATIONAL,Etabt second.,PARIS 02,75,6420Z - Activités des sociétés holding,20 à 49
,TEVEA INTERNATIONAL,Siège,PARIS 16,75,6420Z - Activités des sociétés holding,20 à 49
,THE EXPORT IMPORT BANK OF CHINA,Siège,PARIS 08,75,6492Z - Autre distribution de crédit,20 à 49
,THERMAL CERAMICS DE FRANCE S.A.,Etabt second.,CLICHY,92,6420Z - Activités des sociétés holding,10 à 19
,THESEE,Siège,ST CLOUD,92,6420Z - Activités des sociétés holding,20 à 49
,THOM EUROPE,Siège,PARIS 09,75,6420Z - Activités des sociétés holding,100 à 199
,TICKET SURF INTERNATIONAL TSI,Siège,PUTEAUX,92,"6499Z - Autres activités des services financiers, hors assurance et caisses de retraite, n.c.a.",10 à 19
,TIMHOTEL,Siège,BOULOGNE BILLANCOURT,92,6420Z - Activités des sociétés holding,10 à 19
,TORONTO,Siège,PARIS 01,75,6420Z - Activités des sociétés holding,10 à 19
,TOTAL PETROCHEMICALS FRANCE,Etabt second.,PUTEAUX,92,6420Z - Activités des sociétés holding,200 à 249
,TOUAX CONTAINER SERVICES,Siège,PUTEAUX,92,6420Z - Activités des sociétés holding,10 à 19
,TOURCOM,Siège,PARIS 09,75,"6499Z - Autres activités des services financiers, hors assurance et caisses de retraite, n.c.a.",10 à 19
,TOYOTA KREDITBANK GMBH,Siège,VAUCRESSON,92,6492Z - Autre distribution de crédit,100 à 199
,TPF INVEST,Siège,VILLENEUVE LE ROI,94,6420Z - Activités des sociétés holding,10 à 19
,TRANSGOURMET IMMOBILIER FRANCE,Siège,VALENTON,94,6430Z - Fonds de placement et entités financières similaires,10 à 19
,TRANSGOURMET MANAGEMENT GIE,Siège,VALENTON,94,6420Z - Activités des sociétés holding,20 à 49
,TRANSOLVER FINANCE,Siège,TRAPPES,78,6491Z - Crédit-bail,20 à 49
,TRCJ ACQUISITIONS,Siège,PARIS 08,75,6420Z - Activités des sociétés holding,10 à 19
,TREVES SAS,Siège,PARIS 08,75,6420Z - Activités des sociétés holding,20 à 49
,TRIAGO EUROPE,Siège,PARIS 01,75,"6499Z - Autres activités des services financiers, hors assurance et caisses de retraite, n.c.a.",10 à 19
,TRUFFLE CAPITAL,Siège,PARIS 08,75,6430Z - Fonds de placement et entités financières similaires,10 à 19
,TWIST BEAUTY PACKAGING HOLDING FRANCE,Siège,GENNEVILLIERS,92,6420Z - Activités des sociétés holding,10 à 19
,UCPA SPORTS LOISIRS,Siège,PARIS 14,75,6430Z - Fonds de placement et entités financières similaires,10 à 19
,UES AP,Siège,PARIS 08,75,6420Z - Activités des sociétés holding,50 à 99
,UGC,Etabt second.,NEUILLY SUR SEINE,92,6420Z - Activités des sociétés holding,10 à 19
,UNIGESTION ASSET MANAGEMENT FRANCE,Siège,PARIS 08,75,6430Z - Fonds de placement et entités financières similaires,10 à 19
,UNIGRAINS,Siège,PARIS 16,75,6492Z - Autre distribution de crédit,50 à 99
,UNION BANCAIRE GESTION INSTITU FR,Siège,PARIS 08,75,6430Z - Fonds de placement et entités financières similaires,10 à 19
,UNION BANCAIRE GESTION INSTITU FR,Etabt second.,PARIS 01,75,6430Z - Fonds de placement et entités financières similaires,10 à 19
,UPS LOGISTICS GROUP SAS,Siège,VILLEPINTE,93,6430Z - Fonds de placement et entités financières similaires,20 à 49
,URGO GROUP,Etabt second.,PARIS 16,75,6420Z - Activités des sociétés holding,20 à 49
,VARANOSTEF,Siège,VINCENNES,94,6420Z - Activités des sociétés holding,10 à 19
,VENDOME CAPITAL PARTNERS,Siège,PARIS 02,75,6420Z - Activités des sociétés holding,20 à 49
,VERDESIS FRANCE,Siège,COURBEVOIE,92,6420Z - Activités des sociétés holding,20 à 49
,VERMEULEN SA,Siège,PARIS 01,75,6420Z - Activités des sociétés holding,10 à 19
,VET'AFFAIRES,Siège,PARIS 16,75,6420Z - Activités des sociétés holding,10 à 19
,VFS FINANCE FRANCE,Siège,PUTEAUX,92,6491Z - Crédit-bail,50 à 99
,VIAPOST,Siège,PARIS 12,75,6420Z - Activités des sociétés holding,20 à 49
,VICAT,Siège,COURBEVOIE,92,6420Z - Activités des sociétés holding,20 à 49
,VICTORLY,Siège,PARIS 15,75,6420Z - Activités des sociétés holding,10 à 19
,VINCI AIRPORTS,Siège,RUEIL MALMAISON,92,6420Z - Activités des sociétés holding,50 à 99
,VINCI CONCESSIONS,Siège,RUEIL MALMAISON,92,6420Z - Activités des sociétés holding,100 à 199
,VINCI CONSTRUCTION,Siège,RUEIL MALMAISON,92,6420Z - Activités des sociétés holding,10 à 19
,VINCI ENERGIES FR SECURITE INCENDIE,Siège,RUEIL MALMAISON,92,6420Z - Activités des sociétés holding,20 à 49
,VINCI ENERGIES FRANCE IDF TERTIAIRE,Siège,RUEIL MALMAISON,92,6420Z - Activités des sociétés holding,20 à 49
,VINCI ENERGIES FRANCE IDF TERTIAIRE,Etabt second.,RUEIL MALMAISON,92,6420Z - Activités des sociétés holding,50 à 99
,VINCI ENERGIES IDF INDUSTRIE,Siège,RUEIL MALMAISON,92,6420Z - Activités des sociétés holding,20 à 49
,VINCI INNOVATION,Siège,RUEIL MALMAISON,92,6420Z - Activités des sociétés holding,10 à 19
,VINCI SERVICES AEROPORTUAIRES,Siège,RUEIL MALMAISON,92,6430Z - Fonds de placement et entités financières similaires,10 à 19
,VISA INT SERVICE ASSOCIATION,Siège,PARIS 09,75,6492Z - Autre distribution de crédit,10 à 19
,VISEO MANAGEMENT,Siège,BOULOGNE BILLANCOURT,92,6420Z - Activités des sociétés holding,10 à 19
,VIVENDI,Siège,PARIS 08,75,6420Z - Activités des sociétés holding,100 à 199
,WEINBERG CAPITAL PARTNERS,Siège,PARIS 08,75,6420Z - Activités des sociétés holding,10 à 19
,WESTERN UNION INTERNATIONAL BANK GMBH,Etabt second.,PARIS 10,75,"6499Z - Autres activités des services financiers, hors assurance et caisses de retraite, n.c.a.",10 à 19
,WESTERN UNION INTERNATIONAL BANK GMBH,Etabt second.,PARIS 13,75,"6499Z - Autres activités des services financiers, hors assurance et caisses de retraite, n.c.a.",10 à 19
,WESTERN UNION INTERNATIONAL BANK GMBH,Etabt second.,CLICHY,92,"6499Z - Autres activités des services financiers, hors assurance et caisses de retraite, n.c.a.",50 à 99
,WFS GLOBAL,Siège,PARIS 07,75,6420Z - Activités des sociétés holding,10 à 19
,X-TRADE BROKERS DOM MAKLERSKI,Siège,PARIS 08,75,"6499Z - Autres activités des services financiers, hors assurance et caisses de retraite, n.c.a.",10 à 19
,XCHANGING PROCUREMENT SERVICES,Siège,PARIS 17,75,6420Z - Activités des sociétés holding,20 à 49
,XPO SUPPLY CHAIN FRANCE,Etabt second.,MALAKOFF,92,6420Z - Activités des sociétés holding,50 à 99
,YULE CATTO INTERNATIONAL,Siège,PARIS 08,75,6420Z - Activités des sociétés holding,10 à 19
,ZODIAC POOL SOLUTIONS,Siège,PARIS 09,75,6420Z - Activités des sociétés holding,10 à 19